AGGCGCTGCGTAAGCTTACGG,962
AGAATTTGATATTATGTATGG,148
AAAAAAGCAAAAGAGAAATCG,74
AACCAGATCCGTGAAAAAGTA,148
ATTCCCACATGGGATTACAAG,222
ACTGGATAAGGGCTATAAACA,222
ATTGACTCCGTTGCCGCATTG,148
GTCAAGGTGGTCAAGAACAAG,518
ATCTTCATTAACCAGATTCGT,1333
AAACCACCACCGGTGGTAATG,222
AGAATAAAAGCAAAGCATTAC,1333
ATCGGCGTCATGTTCGGCAAT,148
ACATCATCGTCATCGACTCGG,444
ATCTTCATTAACCAAATTCGT,592
ATGTTATTTACGAGCGCAGAA,148
CATCAACCAGATCCGCATGAA,962
ACGCCCAAGGCCGAGATCGAG,222
AGATGGGCGACAGCCATGTCG,222
AAATTGAAAAACAATTTGGTA,814
GAAGATCGGCGTCATGTTCGG,740
AAAAAAGAAAGAATGAATGTT,74
ATCAACCAGATCCGTGAAAAA,148
AGGGCATCTCGCGTGAGGGCG,148
